Computación > Software > Antivirus,"Características principales 
",,,,"Información del producto 
",,,,,"Condiciones de la publicación 
",,,,,,,"Ficha técnica 
",,,,,,,
"Antivirus 
",,,,,,,,,,,,,,,,,,,,,,,,
"Título: ingresa solo producto, marca y modelo 
Obligatorio",Código universal de producto,"Imágenes 
Obligatorio",SKU,"Cantidad 
Obligatorio","Precio 
Obligatorio","Moneda 
Obligatorio","Condición 
Obligatorio",Descripción,Link de YouTube,"Tipo de publicación 
Obligatorio","Forma de envío 
Obligatorio","Costo de envío 
Obligatorio","Retiro en persona 
Obligatorio",Tipo de garantía,Tiempo de garantía,Unidad de Tiempo de garantía,Marca,Modelo,Versión,Formato,Tiempo de licencia,Unidad de Tiempo de licencia,Con cantidad ilimitada de dispositivos protegidos,Cantidad de dispositivos protegidos
Máximo 60 caracteres. Una vez que vendas no podrás editarlo.,"Puede ser un EAN, UPC u otro GTIN. Si es usado y no tiene código, puedes indicarlo con No aplica.","Ingresa las urls separadas por comas. Deben terminar con formatos como .jpg, .png, .bmp, o .webp",,,"Máximo 2 decimales. 
Si quieres crear variantes, recuerda que deben tener el mismo precio.",,,"No incluyas datos de contacto como e-mails, teléfonos, direcciones, links externos y redes sociales.",,,,,,,,,,,,,,,,
,,Mira cómo subir tus fotos,,,,,,,,,,,,,,,,,,,,,,
Trend Micro la máxima seguridad 3 dispositivos 1 año ULTIMA VERSION,7.42694E+12,https://i.ebayimg.com/images/g/NmIAAOSwApleJzvB/s-l300.jpg,,9999,125.18,$,Nuevo,'Trend Micro Maximum Security Version 3 dispositivos 1 año Tarjeta de clave de producto - CD NO incluido Contenido del paquete: Trend Micro Versión de máxima seguridad 3 dispositivos Tarjeta de clave de producto de 1 año,,Premium,Costos según zonas o región del país,Ofreces envío gratis,No acepto,Sin garantía,,Seleccionar,Trend Micro,Trend Micro,2021,Digital,1,años,No,3
TREND MICRO ANTIVIRUS PARA MAC 1YEAR 1MAC ULTIMA VERSION,7.42694E+12,https://i.ebayimg.com/images/g/GqcAAOSwnDxUdCqa/s-l300.jpg,,9999,101.2,$,Nuevo, Última versión publicada Clave de producto con todas las funciones + URL de descarga oficial Sin disco Trend Micro ANTIVIRUS PARA MAC (ÚLTIMA VERSIÓN) - 1 AÑO DE SUSCRIPCIÓN PARA 1 MAC - La Suscripción de Productos INICIARÁ / COMENZARÁ cuando ACTIVA su licencia.,,Premium,Costos según zonas o región del país,Ofreces envío gratis,No acepto,Sin garantía,,Seleccionar,Trend Micro,Mac,2021,Digital,1,años,No,1
Bitdefender Seguridad móvil Android  + dispositivo VPN 1 1 año  Edición Completa,7.42694E+12,https://i.ebayimg.com/images/g/YdoAAOSw8YBgmWj0/s-l300.jpg,,9999,129.58,$,Nuevo,'Bitdefender Mobile Security ANDROID + VPN 1 dispositivo 1 año edición completa,,Premium,Costos según zonas o región del país,Ofreces envío gratis,No acepto,Sin garantía,,Seleccionar,BitDefender,Bitdefender Mobile Security ANDROID,2021,Digital,1,años,No,1
McAfee Internet Security 1 PC 1 año | versión completa ULTIMA VERSION,7.42694E+12,https://i.ebayimg.com/images/g/aAoAAOSwhixgC1th/s-l300.jpg,,9999,98.78,$,Nuevo,Dispositivo McAfee Internet Security (Win Mac Android iOS) 1 AÑO ES UNA VERSIÓN COMPLETA o actualice para continuar con una actualización gratuita de un año de las nuevas versiones del programa. Con esta clave de producto puede obtener la prueba gratuita en legal,,Premium,Costos según zonas o región del país,Ofreces envío gratis,No acepto,Sin garantía,,Seleccionar,McAfee,McAfee Internet Security 2021,2021,Digital,1,años,No,1
Avg Pc Tuneup  para 1 PC  ULTIMA VERSION,7.42694E+12,https://i.ebayimg.com/images/g/nAQAAOSwdTJaeIcN/s-l300.jpg,,9999,153.78,$,Nuevo,'AVG PC TuneUp PC por 1 año Licencia - No se enviará ningún CD Proporcionaremos un código nuevo para AVG PC TuneUp AVG,,Premium,Costos según zonas o región del país,Ofreces envío gratis,No acepto,Sin garantía,,Seleccionar,AVG,Tune Up,2021,Digital,1,años,No,1
